"","notification_date","cases","A_unk","A_H1N1","A_H3N2","B","AB","time_index"
"2557",2022-01-01,0,0,0,0,0,0,1
"2558",2022-01-02,0,0,0,0,0,0,2
"2559",2022-01-03,0,0,0,0,0,0,3
"2560",2022-01-04,0,0,0,0,0,0,4
"2561",2022-01-05,0,0,0,0,0,0,5
"2562",2022-01-06,0,0,0,0,0,0,6
"2563",2022-01-07,0,3,0,0,0,0,7
"2564",2022-01-08,0,0,0,1,0,0,8
"2565",2022-01-09,0,0,0,0,0,0,9
"2566",2022-01-10,0,0,0,0,0,0,10
"2567",2022-01-11,0,1,0,0,0,0,11
"2568",2022-01-12,0,0,0,0,0,0,12
"2569",2022-01-13,0,0,0,0,0,0,13
"2570",2022-01-14,0,0,0,0,0,0,14
"2571",2022-01-15,0,0,0,0,0,0,15
"2572",2022-01-16,0,0,0,0,0,0,16
"2573",2022-01-17,0,0,0,0,0,0,17
"2574",2022-01-18,0,0,0,0,0,0,18
"2575",2022-01-19,0,1,0,0,0,0,19
"2576",2022-01-20,0,0,0,0,0,0,20
"2577",2022-01-21,2,0,0,0,0,0,21
"2578",2022-01-22,0,0,0,0,0,0,22
"2579",2022-01-23,0,0,0,0,0,0,23
"2580",2022-01-24,0,0,0,0,0,0,24
"2581",2022-01-25,0,0,0,0,0,0,25
"2582",2022-01-26,1,0,0,0,0,0,26
"2583",2022-01-27,0,0,0,0,0,0,27
"2584",2022-01-28,0,0,0,0,0,0,28
"2585",2022-01-29,0,0,0,0,0,0,29
"2586",2022-01-30,0,0,0,0,0,0,30
"2587",2022-01-31,0,0,0,0,0,0,31
"2588",2022-02-01,1,0,0,0,0,0,32
"2589",2022-02-02,0,0,0,0,0,0,33
"2590",2022-02-03,0,0,0,0,0,0,34
"2591",2022-02-04,0,0,0,0,0,0,35
"2592",2022-02-05,0,0,0,0,0,0,36
"2593",2022-02-06,0,0,0,0,0,0,37
"2594",2022-02-07,0,0,0,0,0,0,38
"2595",2022-02-08,0,0,0,0,0,0,39
"2596",2022-02-09,0,0,0,0,0,0,40
"2597",2022-02-10,0,0,0,0,0,0,41
"2598",2022-02-11,0,0,0,0,0,0,42
"2599",2022-02-12,0,0,0,0,0,0,43
"2600",2022-02-13,0,0,0,0,0,0,44
"2601",2022-02-14,0,0,0,0,0,0,45
"2602",2022-02-15,0,0,0,0,0,0,46
"2603",2022-02-16,0,1,0,0,0,0,47
"2604",2022-02-17,0,0,0,0,0,0,48
"2605",2022-02-18,0,0,0,0,0,0,49
"2606",2022-02-19,0,0,0,0,0,0,50
"2607",2022-02-20,0,0,0,0,0,0,51
"2608",2022-02-21,0,0,0,0,0,0,52
"2609",2022-02-22,3,1,0,0,0,0,53
"2610",2022-02-23,0,0,0,0,0,0,54
"2611",2022-02-24,0,0,0,0,0,0,55
"2612",2022-02-25,0,0,0,0,0,0,56
"2613",2022-02-26,0,0,0,0,0,0,57
"2614",2022-02-27,0,0,0,0,0,0,58
"2615",2022-02-28,1,0,0,0,0,0,59
"2616",2022-03-01,0,0,0,0,0,0,60
"2617",2022-03-02,2,0,0,0,0,0,61
"2618",2022-03-03,0,0,0,0,0,0,62
"2619",2022-03-04,0,0,0,0,0,0,63
"2620",2022-03-05,0,0,0,0,0,0,64
"2621",2022-03-06,0,0,0,0,0,0,65
"2622",2022-03-07,0,0,0,0,0,0,66
"2623",2022-03-08,0,0,0,0,0,0,67
"2624",2022-03-09,2,0,0,0,0,0,68
"2625",2022-03-10,0,1,0,0,0,0,69
"2626",2022-03-11,0,0,0,0,0,0,70
"2627",2022-03-12,0,0,0,0,0,0,71
"2628",2022-03-13,3,0,0,0,0,0,72
"2629",2022-03-14,0,0,0,0,0,0,73
"2630",2022-03-15,0,0,0,1,0,0,74
"2631",2022-03-16,2,0,0,0,0,0,75
"2632",2022-03-17,0,0,0,1,0,0,76
"2633",2022-03-18,0,0,0,0,0,0,77
"2634",2022-03-19,0,0,0,0,0,0,78
"2635",2022-03-20,1,0,0,0,0,0,79
"2636",2022-03-21,0,0,0,1,0,0,80
"2637",2022-03-22,0,0,0,0,0,0,81
"2638",2022-03-23,5,0,0,2,0,0,82
"2639",2022-03-24,0,3,0,3,0,0,83
"2640",2022-03-25,0,1,0,2,0,0,84
"2641",2022-03-26,8,1,0,1,0,0,85
"2642",2022-03-27,1,1,0,0,0,0,86
"2643",2022-03-28,1,2,0,3,0,0,87
"2644",2022-03-29,3,8,0,1,0,0,88
"2645",2022-03-30,9,9,0,0,0,0,89
"2646",2022-03-31,3,1,0,0,0,0,90
"2647",2022-04-01,0,14,0,0,0,0,91
"2648",2022-04-02,2,1,0,0,0,0,92
"2649",2022-04-03,2,0,0,0,0,0,93
"2650",2022-04-04,1,8,0,1,0,0,94
"2651",2022-04-05,7,1,0,2,0,0,95
"2652",2022-04-06,3,21,0,3,0,0,96
"2653",2022-04-07,1,15,0,0,0,0,97
"2654",2022-04-08,9,27,0,0,0,0,98
"2655",2022-04-09,8,8,0,0,0,0,99
"2656",2022-04-10,0,2,0,1,0,0,100
"2657",2022-04-11,10,43,0,1,0,0,101
"2658",2022-04-12,9,20,0,2,0,0,102
"2659",2022-04-13,34,26,0,3,0,0,103
"2660",2022-04-14,10,24,0,3,0,0,104
"2661",2022-04-15,47,12,0,2,0,0,105
"2662",2022-04-16,35,8,0,0,0,0,106
"2663",2022-04-17,13,6,0,2,0,0,107
"2664",2022-04-18,14,12,0,2,0,0,108
"2665",2022-04-19,36,70,0,1,0,0,109
"2666",2022-04-20,39,18,0,6,0,0,110
"2667",2022-04-21,52,35,0,3,0,0,111
"2668",2022-04-22,60,62,0,4,0,0,112
"2669",2022-04-23,28,35,0,6,0,0,113
"2670",2022-04-24,30,14,0,1,0,0,114
"2671",2022-04-25,37,25,0,6,0,0,115
"2672",2022-04-26,137,68,0,6,0,0,116
"2673",2022-04-27,96,75,0,2,0,0,117
"2674",2022-04-28,116,100,0,4,0,0,118
"2675",2022-04-29,65,97,0,7,0,0,119
"2676",2022-04-30,64,30,0,4,0,0,120
"2677",2022-05-01,72,47,0,3,0,0,121
"2678",2022-05-02,116,143,0,3,0,0,122
"2679",2022-05-03,180,138,0,9,0,0,123
"2680",2022-05-04,239,230,0,9,0,0,124
"2681",2022-05-05,149,220,0,4,0,0,125
"2682",2022-05-06,207,202,0,4,0,0,126
"2683",2022-05-07,227,44,0,9,0,0,127
"2684",2022-05-08,82,80,0,3,0,0,128
"2685",2022-05-09,176,272,0,0,1,0,129
"2686",2022-05-10,416,460,0,11,0,0,130
"2687",2022-05-11,443,337,1,6,0,0,131
"2688",2022-05-12,292,428,0,7,0,0,132
"2689",2022-05-13,468,521,0,13,0,0,133
"2690",2022-05-14,290,326,0,6,0,0,134
"2691",2022-05-15,207,61,0,10,0,0,135
"2692",2022-05-16,351,698,0,13,0,0,136
"2693",2022-05-17,791,697,0,12,0,0,137
"2694",2022-05-18,774,830,0,8,0,0,138
"2695",2022-05-19,817,751,0,8,0,0,139
"2696",2022-05-20,748,716,0,9,0,0,140
"2697",2022-05-21,547,267,0,5,1,0,141
"2698",2022-05-22,283,232,0,4,0,0,142
"2699",2022-05-23,531,950,0,14,0,0,143
"2700",2022-05-24,807,635,0,35,1,0,144
"2701",2022-05-25,906,1014,0,10,0,0,145
"2702",2022-05-26,901,885,0,13,1,0,146
"2703",2022-05-27,767,920,0,5,0,0,147
"2704",2022-05-28,557,308,0,7,0,0,148
"2705",2022-05-29,316,281,0,8,0,0,149
"2706",2022-05-30,420,929,0,3,1,0,150
"2707",2022-05-31,818,829,0,3,0,0,151
"2708",2022-06-01,887,874,0,7,0,0,152
"2709",2022-06-02,835,818,0,8,0,0,153
"2710",2022-06-03,749,672,0,4,0,0,154
"2711",2022-06-04,644,394,0,5,2,0,155
"2712",2022-06-05,288,150,0,9,0,0,156
"2713",2022-06-06,331,759,0,29,0,0,157
"2714",2022-06-07,556,568,0,3,0,0,158
"2715",2022-06-08,622,725,0,3,0,0,159
"2716",2022-06-09,867,563,0,11,0,0,160
"2717",2022-06-10,532,689,0,4,0,0,161
"2718",2022-06-11,419,280,0,1,0,0,162
"2719",2022-06-12,239,161,0,2,0,0,163
"2720",2022-06-13,346,103,0,5,0,0,164
"2721",2022-06-14,550,630,0,3,1,0,165
"2722",2022-06-15,345,399,0,3,0,0,166
"2723",2022-06-16,430,546,0,2,1,0,167
"2724",2022-06-17,474,445,0,4,0,0,168
"2725",2022-06-18,247,203,0,0,1,0,169
"2726",2022-06-19,177,105,0,9,0,0,170
"2727",2022-06-20,191,652,0,1,0,0,171
"2728",2022-06-21,345,286,0,1,0,0,172
"2729",2022-06-22,329,240,0,0,0,0,173
"2730",2022-06-23,239,273,0,2,0,0,174
"2731",2022-06-24,227,209,0,0,0,0,175
"2732",2022-06-25,163,136,0,0,0,0,176
"2733",2022-06-26,54,88,0,0,0,0,177
"2734",2022-06-27,113,101,0,2,0,0,178
"2735",2022-06-28,224,137,0,0,0,0,179
"2736",2022-06-29,196,110,0,0,0,0,180
"2737",2022-06-30,157,152,0,0,0,0,181
"2738",2022-07-01,113,126,0,1,0,0,182
"2739",2022-07-02,59,76,0,0,1,0,183
"2740",2022-07-03,17,34,0,0,0,0,184
"2741",2022-07-04,71,58,1,1,0,0,185
"2742",2022-07-05,111,78,0,0,0,0,186
"2743",2022-07-06,73,90,0,0,0,0,187
"2744",2022-07-07,98,63,0,0,0,0,188
"2745",2022-07-08,62,60,0,0,0,0,189
"2746",2022-07-09,18,34,0,0,1,0,190
"2747",2022-07-10,21,17,0,0,0,0,191
"2748",2022-07-11,29,36,0,0,0,0,192
"2749",2022-07-12,65,43,0,0,0,0,193
"2750",2022-07-13,40,43,0,0,0,0,194
"2751",2022-07-14,26,46,0,1,0,0,195
"2752",2022-07-15,19,33,0,0,0,0,196
"2753",2022-07-16,41,23,0,0,0,0,197
"2754",2022-07-17,3,16,1,0,0,0,198
"2755",2022-07-18,7,21,0,0,1,0,199
"2756",2022-07-19,49,25,0,0,0,0,200
"2757",2022-07-20,35,26,0,0,0,0,201
"2758",2022-07-21,27,31,0,0,0,0,202
"2759",2022-07-22,35,17,0,0,0,0,203
"2760",2022-07-23,21,12,0,0,1,0,204
"2761",2022-07-24,4,5,0,0,0,0,205
"2762",2022-07-25,1,19,0,0,0,0,206
"2763",2022-07-26,12,18,0,0,1,0,207
"2764",2022-07-27,23,20,0,0,1,0,208
"2765",2022-07-28,25,26,0,0,0,0,209
"2766",2022-07-29,21,29,0,0,0,0,210
"2767",2022-07-30,8,12,0,0,2,0,211
"2768",2022-07-31,3,7,0,0,0,0,212
"2769",2022-08-01,5,11,0,0,0,0,213
"2770",2022-08-02,20,26,0,0,0,0,214
"2771",2022-08-03,13,26,0,0,1,0,215
"2772",2022-08-04,19,9,0,0,0,0,216
"2773",2022-08-05,15,13,0,0,0,0,217
"2774",2022-08-06,11,8,0,0,1,0,218
"2775",2022-08-07,3,4,0,0,0,0,219
"2776",2022-08-08,17,8,0,0,0,0,220
"2777",2022-08-09,5,7,0,0,0,0,221
"2778",2022-08-10,29,13,0,0,0,0,222
"2779",2022-08-11,43,7,0,0,0,0,223
"2780",2022-08-12,16,9,0,0,0,0,224
"2781",2022-08-13,27,5,0,0,0,0,225
"2782",2022-08-14,6,2,0,0,0,0,226
"2783",2022-08-15,1,5,0,0,0,0,227
"2784",2022-08-16,44,10,0,0,0,0,228
"2785",2022-08-17,10,4,0,0,0,0,229
"2786",2022-08-18,25,11,0,1,1,0,230
"2787",2022-08-19,54,6,0,0,0,0,231
"2788",2022-08-20,0,4,0,0,0,0,232
"2789",2022-08-21,2,1,0,0,0,0,233
"2790",2022-08-22,15,7,0,0,0,0,234
"2791",2022-08-23,3,4,0,0,2,0,235
"2792",2022-08-24,7,7,0,0,0,0,236
"2793",2022-08-25,16,13,0,0,1,0,237
"2794",2022-08-26,3,5,0,0,0,0,238
"2795",2022-08-27,1,2,0,0,1,0,239
"2796",2022-08-28,1,5,0,0,0,0,240
"2797",2022-08-29,8,4,0,0,0,0,241
"2798",2022-08-30,10,9,0,0,1,0,242
"2799",2022-08-31,2,5,0,0,0,0,243
"2800",2022-09-01,6,6,0,0,0,0,244
"2801",2022-09-02,23,10,0,0,1,0,245
"2802",2022-09-03,3,4,0,0,0,0,246
"2803",2022-09-04,2,0,0,0,0,0,247
"2804",2022-09-05,6,10,0,0,1,0,248
"2805",2022-09-06,13,2,0,0,0,0,249
"2806",2022-09-07,3,10,0,0,0,0,250
"2807",2022-09-08,2,6,0,0,1,0,251
"2808",2022-09-09,5,5,0,0,0,0,252
"2809",2022-09-10,1,5,0,0,0,0,253
"2810",2022-09-11,3,1,0,0,0,0,254
"2811",2022-09-12,10,5,0,0,0,0,255
"2812",2022-09-13,28,3,0,0,0,0,256
"2813",2022-09-14,8,9,0,0,1,0,257
"2814",2022-09-15,1,3,0,0,0,0,258
"2815",2022-09-16,3,7,0,0,0,0,259
"2816",2022-09-17,3,6,0,0,2,0,260
"2817",2022-09-18,0,2,0,0,0,0,261
"2818",2022-09-19,0,7,0,0,1,0,262
"2819",2022-09-20,0,17,0,0,0,0,263
"2820",2022-09-21,3,9,0,0,0,0,264
"2821",2022-09-22,20,5,0,0,0,0,265
"2822",2022-09-23,12,2,0,0,0,0,266
"2823",2022-09-24,12,1,0,0,0,0,267
"2824",2022-09-25,7,0,0,0,0,0,268
"2825",2022-09-26,1,12,0,0,0,0,269
"2826",2022-09-27,6,3,0,0,0,0,270
"2827",2022-09-28,5,7,0,0,0,0,271
"2828",2022-09-29,4,4,0,0,2,0,272
"2829",2022-09-30,14,4,0,0,1,0,273
"2830",2022-10-01,30,2,0,0,0,0,274
"2831",2022-10-02,3,1,0,0,0,0,275
"2832",2022-10-03,13,5,0,0,1,0,276
"2833",2022-10-04,5,3,0,0,2,0,277
"2834",2022-10-05,3,4,0,0,0,0,278
"2835",2022-10-06,20,6,0,0,0,0,279
"2836",2022-10-07,18,4,0,0,0,0,280
"2837",2022-10-08,1,1,0,0,0,0,281
"2838",2022-10-09,0,3,0,0,0,0,282
"2839",2022-10-10,4,10,0,0,1,0,283
"2840",2022-10-11,11,4,0,0,1,0,284
"2841",2022-10-12,3,9,0,0,0,0,285
"2842",2022-10-13,8,7,0,0,3,0,286
"2843",2022-10-14,1,5,0,0,0,0,287
"2844",2022-10-15,0,0,0,0,0,0,288
"2845",2022-10-16,0,0,0,0,0,0,289
"2846",2022-10-17,14,13,0,0,3,0,290
"2847",2022-10-18,13,5,0,0,2,0,291
"2848",2022-10-19,3,8,0,0,3,0,292
"2849",2022-10-20,23,15,0,0,1,0,293
"2850",2022-10-21,17,4,0,0,1,0,294
"2851",2022-10-22,8,0,1,0,1,0,295
"2852",2022-10-23,0,5,0,0,2,0,296
"2853",2022-10-24,0,11,0,1,3,0,297
"2854",2022-10-25,2,7,0,0,0,0,298
"2855",2022-10-26,8,7,0,0,4,0,299
"2856",2022-10-27,12,7,0,0,2,0,300
"2857",2022-10-28,16,8,0,0,1,0,301
"2858",2022-10-29,2,4,0,1,0,0,302
"2859",2022-10-30,4,2,0,0,1,0,303
"2860",2022-10-31,9,7,0,0,3,0,304
"2861",2022-11-01,1,8,0,0,3,0,305
"2862",2022-11-02,7,5,0,0,0,0,306
"2863",2022-11-03,6,10,0,0,1,0,307
"2864",2022-11-04,10,1,0,0,1,0,308
"2865",2022-11-05,3,1,0,0,1,0,309
"2866",2022-11-06,0,2,0,0,1,0,310
"2867",2022-11-07,13,3,0,0,1,0,311
"2868",2022-11-08,14,4,1,0,2,0,312
"2869",2022-11-09,16,18,1,0,5,0,313
"2870",2022-11-10,4,6,0,0,4,0,314
"2871",2022-11-11,6,6,0,0,7,0,315
"2872",2022-11-12,3,3,0,0,1,0,316
"2873",2022-11-13,2,1,0,0,0,0,317
"2874",2022-11-14,3,5,0,0,0,0,318
"2875",2022-11-15,28,3,0,0,1,0,319
"2876",2022-11-16,2,12,0,0,3,0,320
"2877",2022-11-17,19,6,0,0,5,0,321
"2878",2022-11-18,10,5,0,0,4,0,322
"2879",2022-11-19,20,5,0,0,1,0,323
"2880",2022-11-20,0,2,0,0,2,0,324
"2881",2022-11-21,10,3,0,0,1,0,325
"2882",2022-11-22,15,10,0,0,2,0,326
"2883",2022-11-23,15,4,0,0,5,0,327
"2884",2022-11-24,8,7,0,0,2,0,328
"2885",2022-11-25,0,3,0,0,2,0,329
"2886",2022-11-26,0,3,0,1,1,0,330
"2887",2022-11-27,13,2,0,0,0,0,331
"2888",2022-11-28,0,6,0,0,2,0,332
"2889",2022-11-29,16,9,0,0,2,0,333
"2890",2022-11-30,13,7,0,0,5,0,334
"2891",2022-12-01,19,8,0,0,1,0,335
"2892",2022-12-02,8,6,0,0,1,0,336
"2893",2022-12-03,16,9,0,1,4,0,337
"2894",2022-12-04,10,3,0,0,1,0,338
"2895",2022-12-05,12,12,0,0,6,0,339
"2896",2022-12-06,20,14,0,0,3,0,340
"2897",2022-12-07,27,17,0,0,6,0,341
"2898",2022-12-08,17,17,0,0,0,0,342
"2899",2022-12-09,25,17,0,0,6,0,343
"2900",2022-12-10,3,12,0,0,3,0,344
"2901",2022-12-11,10,2,1,0,1,0,345
"2902",2022-12-12,11,16,0,2,5,0,346
"2903",2022-12-13,29,20,0,0,10,0,347
"2904",2022-12-14,24,20,0,0,8,0,348
"2905",2022-12-15,19,25,1,0,1,0,349
"2906",2022-12-16,35,19,0,1,3,0,350
"2907",2022-12-17,7,14,0,0,3,0,351
"2908",2022-12-18,30,9,0,0,1,0,352
"2909",2022-12-19,11,16,0,0,3,0,353
"2910",2022-12-20,29,31,0,1,7,0,354
"2911",2022-12-21,39,28,0,0,3,0,355
"2912",2022-12-22,41,32,0,0,6,0,356
"2913",2022-12-23,14,28,0,0,3,0,357
"2914",2022-12-24,18,16,0,0,3,0,358
"2915",2022-12-25,7,14,0,0,2,0,359
"2916",2022-12-26,10,5,0,0,0,0,360
"2917",2022-12-27,42,14,0,1,0,0,361
"2918",2022-12-28,15,25,0,0,5,0,362
"2919",2022-12-29,53,17,0,0,3,0,363
"2920",2022-12-30,12,25,0,0,3,0,364
"2921",2022-12-31,45,17,0,0,2,0,365
"2922",2023-01-01,8,3,0,0,2,0,366
"2923",2023-01-02,5,9,0,0,1,0,367
"2924",2023-01-03,48,27,0,0,3,0,368
"2925",2023-01-04,14,20,0,0,1,0,369
"2926",2023-01-05,14,30,1,0,6,0,370
"2927",2023-01-06,24,16,0,0,4,0,371
"2928",2023-01-07,8,16,1,0,5,0,372
"2929",2023-01-08,7,7,0,0,1,0,373
"2930",2023-01-09,20,10,0,0,3,0,374
"2931",2023-01-10,26,20,0,0,3,0,375
"2932",2023-01-11,27,20,0,0,2,0,376
"2933",2023-01-12,20,18,0,0,6,0,377
"2934",2023-01-13,15,16,0,0,4,0,378
"2935",2023-01-14,8,14,0,0,3,0,379
"2936",2023-01-15,13,4,0,0,0,0,380
"2937",2023-01-16,11,18,0,0,3,0,381
"2938",2023-01-17,49,12,0,1,4,0,382
"2939",2023-01-18,8,21,0,0,7,0,383
"2940",2023-01-19,13,14,0,0,4,0,384
"2941",2023-01-20,43,19,0,0,2,0,385
"2942",2023-01-21,29,12,0,1,3,0,386
"2943",2023-01-22,10,4,0,0,1,0,387
"2944",2023-01-23,27,12,0,0,5,0,388
"2945",2023-01-24,20,20,0,0,1,0,389
"2946",2023-01-25,17,12,1,0,4,0,390
"2947",2023-01-26,23,5,0,0,4,0,391
"2948",2023-01-27,13,4,0,0,0,0,392
"2949",2023-01-28,11,12,1,0,2,0,393
"2950",2023-01-29,3,8,0,1,4,0,394
"2951",2023-01-30,27,6,0,0,3,0,395
"2952",2023-01-31,15,7,0,2,2,0,396
"2953",2023-02-01,31,14,0,0,7,0,397
"2954",2023-02-02,9,16,0,0,3,0,398
"2955",2023-02-03,22,17,0,0,7,0,399
"2956",2023-02-04,17,6,0,0,2,0,400
"2957",2023-02-05,9,8,0,0,2,0,401
"2958",2023-02-06,19,12,0,0,3,0,402
"2959",2023-02-07,46,15,0,0,8,0,403
"2960",2023-02-08,26,22,0,0,3,0,404
"2961",2023-02-09,18,16,0,0,7,0,405
"2962",2023-02-10,1,36,0,0,5,0,406
"2963",2023-02-11,12,22,0,0,7,0,407
"2964",2023-02-12,23,10,0,0,0,0,408
"2965",2023-02-13,29,25,1,0,5,0,409
"2966",2023-02-14,52,29,0,0,7,0,410
"2967",2023-02-15,37,21,0,0,11,0,411
"2968",2023-02-16,13,39,0,0,10,0,412
"2969",2023-02-17,26,18,1,0,9,0,413
"2970",2023-02-18,21,16,0,0,6,0,414
"2971",2023-02-19,0,13,0,0,5,0,415
"2972",2023-02-20,51,31,0,0,5,0,416
"2973",2023-02-21,36,34,0,0,11,0,417
"2974",2023-02-22,11,35,2,0,6,0,418
"2975",2023-02-23,91,27,0,1,10,0,419
"2976",2023-02-24,35,28,0,0,4,0,420
"2977",2023-02-25,14,19,0,0,5,0,421
"2978",2023-02-26,24,17,0,0,6,0,422
"2979",2023-02-27,18,21,0,0,3,0,423
"2980",2023-02-28,22,36,1,0,6,0,424
"2981",2023-03-01,39,20,0,0,4,0,425
"2982",2023-03-02,78,26,0,0,6,0,426
"2983",2023-03-03,46,21,0,0,10,0,427
"2984",2023-03-04,56,9,0,0,2,0,428
"2985",2023-03-05,10,17,0,0,3,0,429
"2986",2023-03-06,23,26,0,0,4,0,430
"2987",2023-03-07,130,37,0,1,12,0,431
"2988",2023-03-08,33,38,0,0,5,0,432
"2989",2023-03-09,12,37,0,0,3,0,433
"2990",2023-03-10,33,38,0,0,4,0,434
"2991",2023-03-11,15,24,0,0,2,0,435
"2992",2023-03-12,5,16,1,0,7,0,436
"2993",2023-03-13,16,24,0,0,3,0,437
"2994",2023-03-14,26,35,1,1,11,0,438
"2995",2023-03-15,50,51,0,0,16,0,439
"2996",2023-03-16,80,49,0,0,15,0,440
"2997",2023-03-17,41,36,0,0,6,0,441
"2998",2023-03-18,37,36,0,0,7,0,442
"2999",2023-03-19,24,27,0,0,3,0,443
"3000",2023-03-20,60,47,2,0,11,0,444
"3001",2023-03-21,131,44,0,0,10,0,445
"3002",2023-03-22,104,55,0,0,13,0,446
"3003",2023-03-23,111,68,1,0,10,0,447
"3004",2023-03-24,88,56,0,0,10,0,448
"3005",2023-03-25,136,36,1,0,11,0,449
"3006",2023-03-26,57,20,0,0,3,0,450
"3007",2023-03-27,29,66,0,0,16,0,451
"3008",2023-03-28,49,67,0,0,12,0,452
"3009",2023-03-29,68,87,1,0,20,0,453
"3010",2023-03-30,55,41,0,0,13,0,454
"3011",2023-03-31,55,65,0,0,15,0,455
"3012",2023-04-01,62,45,0,0,11,0,456
"3013",2023-04-02,29,26,1,0,9,0,457
"3014",2023-04-03,85,83,1,0,20,0,458
"3015",2023-04-04,107,110,1,0,18,0,459
"3016",2023-04-05,101,113,0,0,16,0,460
"3017",2023-04-06,94,91,0,0,14,0,461
"3018",2023-04-07,116,62,1,0,14,0,462
"3019",2023-04-08,50,40,0,0,4,0,463
"3020",2023-04-09,41,45,0,0,7,0,464
"3021",2023-04-10,46,16,0,0,4,0,465
"3022",2023-04-11,107,106,0,0,23,0,466
"3023",2023-04-12,145,105,6,0,22,0,467
"3024",2023-04-13,96,98,2,0,23,0,468
"3025",2023-04-14,75,81,2,1,16,0,469
"3026",2023-04-15,24,62,0,0,11,0,470
"3027",2023-04-16,28,30,1,0,4,0,471
"3028",2023-04-17,73,65,1,0,13,0,472
"3029",2023-04-18,94,89,1,0,20,0,473
"3030",2023-04-19,78,47,1,0,9,0,474
"3031",2023-04-20,111,64,0,0,18,0,475
"3032",2023-04-21,64,65,0,0,18,0,476
"3033",2023-04-22,40,38,2,1,7,0,477
"3034",2023-04-23,37,23,0,0,3,0,478
"3035",2023-04-24,49,50,0,0,5,0,479
"3036",2023-04-25,116,43,2,0,17,0,480
"3037",2023-04-26,114,47,1,0,13,0,481
"3038",2023-04-27,78,78,1,0,19,0,482
"3039",2023-04-28,98,56,0,0,16,0,483
"3040",2023-04-29,77,31,0,0,5,0,484
"3041",2023-04-30,26,13,0,0,7,0,485
"3042",2023-05-01,53,52,2,1,17,0,486
"3043",2023-05-02,166,62,0,0,16,0,487
"3044",2023-05-03,145,52,0,0,11,0,488
"3045",2023-05-04,68,52,1,0,13,0,489
"3046",2023-05-05,51,40,2,0,19,0,490
"3047",2023-05-06,80,23,0,0,6,0,491
"3048",2023-05-07,24,24,0,0,12,0,492
"3049",2023-05-08,59,49,1,0,16,0,493
"3050",2023-05-09,117,72,1,0,20,0,494
"3051",2023-05-10,147,82,1,0,28,0,495
"3052",2023-05-11,169,87,1,0,22,0,496
"3053",2023-05-12,123,85,2,0,25,0,497
"3054",2023-05-13,62,57,0,0,14,0,498
"3055",2023-05-14,88,34,4,0,6,0,499
"3056",2023-05-15,130,96,1,0,19,0,500
"3057",2023-05-16,164,146,1,0,46,0,501
"3058",2023-05-17,166,148,2,0,46,0,502
"3059",2023-05-18,153,146,3,0,50,0,503
"3060",2023-05-19,148,154,4,0,40,0,504
"3061",2023-05-20,104,104,1,0,26,0,505
"3062",2023-05-21,100,31,1,0,7,0,506
"3063",2023-05-22,194,147,0,0,36,0,507
"3064",2023-05-23,268,263,6,0,67,0,508
"3065",2023-05-24,265,211,5,0,61,0,509
"3066",2023-05-25,214,176,1,0,63,0,510
"3067",2023-05-26,197,167,2,0,33,0,511
"3068",2023-05-27,129,157,0,0,37,0,512
"3069",2023-05-28,100,87,1,0,22,0,513
"3070",2023-05-29,243,169,3,0,42,0,514
"3071",2023-05-30,345,273,11,0,83,0,515
"3072",2023-05-31,372,277,3,0,80,0,516
"3073",2023-06-01,314,314,3,0,85,0,517
"3074",2023-06-02,372,245,0,0,52,0,518
"3075",2023-06-03,227,137,7,0,43,0,519
"3076",2023-06-04,172,113,3,0,38,0,520
"3077",2023-06-05,238,194,3,0,66,0,521
"3078",2023-06-06,372,407,1,1,108,0,522
"3079",2023-06-07,296,335,4,0,101,0,523
"3080",2023-06-08,464,350,6,0,107,0,524
"3081",2023-06-09,315,291,9,1,80,0,525
"3082",2023-06-10,213,129,0,0,37,0,526
"3083",2023-06-11,107,139,2,0,39,0,527
"3084",2023-06-12,223,73,4,0,23,0,528
"3085",2023-06-13,409,256,11,0,66,0,529
"3086",2023-06-14,484,418,6,0,127,0,530
"3087",2023-06-15,461,354,5,0,107,0,531
"3088",2023-06-16,381,257,3,0,84,0,532
"3089",2023-06-17,342,195,3,0,74,0,533
"3090",2023-06-18,124,81,0,0,31,0,534
"3091",2023-06-19,224,291,13,0,95,0,535
"3092",2023-06-20,473,280,4,0,95,0,536
"3093",2023-06-21,419,262,6,0,88,0,537
"3094",2023-06-22,474,242,7,1,81,0,538
"3095",2023-06-23,286,282,2,0,78,0,539
"3096",2023-06-24,264,145,3,0,58,0,540
"3097",2023-06-25,127,68,0,0,20,0,541
"3098",2023-06-26,271,212,16,0,104,0,542
"3099",2023-06-27,326,327,4,0,119,0,543
"3100",2023-06-28,334,252,8,0,112,0,544
"3101",2023-06-29,380,277,6,0,96,0,545
"3102",2023-06-30,337,241,9,0,108,0,546
"3103",2023-07-01,208,116,3,0,76,0,547
"3104",2023-07-02,163,77,5,0,48,0,548
"3105",2023-07-03,263,200,6,1,112,0,549
"3106",2023-07-04,266,235,2,2,102,0,550
"3107",2023-07-05,268,211,5,0,112,0,551
"3108",2023-07-06,390,226,4,0,105,0,552
"3109",2023-07-07,305,182,4,0,97,0,553
"3110",2023-07-08,180,119,3,1,51,0,554
"3111",2023-07-09,172,59,0,0,38,0,555
"3112",2023-07-10,196,144,7,0,107,0,556
"3113",2023-07-11,332,150,1,1,104,0,557
"3114",2023-07-12,274,133,3,0,92,0,558
"3115",2023-07-13,281,158,4,0,80,0,559
"3116",2023-07-14,306,140,2,0,103,0,560
"3117",2023-07-15,141,90,0,0,61,0,561
"3118",2023-07-16,145,49,1,0,35,0,562
"3119",2023-07-17,169,90,2,0,68,0,563
"3120",2023-07-18,290,154,1,0,105,0,564
"3121",2023-07-19,248,121,1,0,119,0,565
"3122",2023-07-20,230,116,1,0,115,0,566
"3123",2023-07-21,252,112,0,0,127,0,567
"3124",2023-07-22,171,93,0,0,81,0,568
"3125",2023-07-23,65,38,0,0,38,0,569
"3126",2023-07-24,107,107,5,0,79,0,570
"3127",2023-07-25,261,179,1,0,194,0,571
"3128",2023-07-26,342,117,1,0,126,0,572
"3129",2023-07-27,226,141,1,1,145,0,573
"3130",2023-07-28,158,150,2,0,144,0,574
"3131",2023-07-29,184,84,1,0,106,0,575
"3132",2023-07-30,82,63,0,0,74,0,576
"3133",2023-07-31,186,107,2,0,120,0,577
"3134",2023-08-01,349,160,1,0,166,0,578
"3135",2023-08-02,347,136,3,0,160,0,579
"3136",2023-08-03,235,133,1,0,172,0,580
"3137",2023-08-04,254,112,1,0,138,0,581
"3138",2023-08-05,191,84,1,1,104,0,582
"3139",2023-08-06,75,30,0,0,61,0,583
"3140",2023-08-07,209,58,3,0,66,0,584
"3141",2023-08-08,288,119,1,0,174,0,585
"3142",2023-08-09,314,103,0,0,150,0,586
"3143",2023-08-10,279,115,0,0,161,0,587
"3144",2023-08-11,238,106,0,0,140,0,588
"3145",2023-08-12,184,65,0,0,108,0,589
"3146",2023-08-13,75,37,0,0,68,0,590
"3147",2023-08-14,183,68,2,0,128,0,591
"3148",2023-08-15,284,106,3,0,169,0,592
"3149",2023-08-16,276,110,0,0,195,0,593
"3150",2023-08-17,346,91,0,0,167,0,594
"3151",2023-08-18,267,96,0,0,141,0,595
"3152",2023-08-19,153,53,1,0,123,0,596
"3153",2023-08-20,84,35,1,0,66,0,597
"3154",2023-08-21,101,54,1,0,93,0,598
"3155",2023-08-22,330,130,0,0,246,0,599
"3156",2023-08-23,298,118,0,1,218,0,600
"3157",2023-08-24,242,87,0,0,165,0,601
"3158",2023-08-25,332,116,1,0,240,0,602
"3159",2023-08-26,171,86,1,0,147,0,603
"3160",2023-08-27,110,25,0,0,60,0,604
"3161",2023-08-28,148,85,2,0,191,0,605
"3162",2023-08-29,243,115,0,0,208,0,606
"3163",2023-08-30,385,85,1,0,194,0,607
"3164",2023-08-31,230,101,0,0,168,0,608
"3165",2023-09-01,181,85,0,1,155,0,609
"3166",2023-09-02,206,47,0,0,100,0,610
"3167",2023-09-03,122,23,0,0,63,0,611
"3168",2023-09-04,202,62,0,0,110,0,612
"3169",2023-09-05,247,85,0,0,167,0,613
"3170",2023-09-06,258,74,0,0,155,0,614
"3171",2023-09-07,293,69,0,0,146,0,615
"3172",2023-09-08,184,67,0,0,148,0,616
"3173",2023-09-09,160,51,1,0,75,0,617
"3174",2023-09-10,102,23,0,0,40,0,618
"3175",2023-09-11,160,64,0,0,109,0,619
"3176",2023-09-12,285,63,3,0,138,0,620
"3177",2023-09-13,266,57,0,0,95,0,621
"3178",2023-09-14,148,139,0,0,235,0,622
"3179",2023-09-15,159,73,0,0,123,0,623
"3180",2023-09-16,152,66,0,0,81,0,624
"3181",2023-09-17,65,30,0,0,44,0,625
"3182",2023-09-18,112,56,1,0,81,0,626
"3183",2023-09-19,182,98,1,2,139,0,627
"3184",2023-09-20,220,89,0,0,101,0,628
"3185",2023-09-21,157,72,0,1,94,0,629
"3186",2023-09-22,101,59,0,0,70,0,630
"3187",2023-09-23,72,40,0,0,53,0,631
"3188",2023-09-24,41,25,0,0,23,0,632
"3189",2023-09-25,61,56,0,0,71,0,633
"3190",2023-09-26,143,74,0,0,79,0,634
"3191",2023-09-27,164,73,3,0,72,0,635
"3192",2023-09-28,170,54,1,0,47,0,636
"3193",2023-09-29,119,31,0,0,30,0,637
"3194",2023-09-30,59,25,0,0,16,0,638
"3195",2023-10-01,57,31,0,0,16,0,639
"3196",2023-10-02,60,50,0,0,38,0,640
"3197",2023-10-03,185,82,1,2,49,0,641
"3198",2023-10-04,167,91,1,0,39,0,642
"3199",2023-10-05,105,62,1,2,42,0,643
"3200",2023-10-06,68,65,0,0,35,0,644
"3201",2023-10-07,48,67,0,0,23,0,645
"3202",2023-10-08,64,34,0,0,8,0,646
"3203",2023-10-09,103,62,0,0,21,0,647
"3204",2023-10-10,158,113,0,0,52,0,648
"3205",2023-10-11,162,112,0,0,34,0,649
"3206",2023-10-12,112,78,0,1,33,0,650
"3207",2023-10-13,96,80,0,0,26,0,651
"3208",2023-10-14,79,64,1,0,22,0,652
"3209",2023-10-15,27,39,0,0,14,0,653
"3210",2023-10-16,92,46,0,0,16,0,654
"3211",2023-10-17,75,84,1,0,22,0,655
"3212",2023-10-18,127,90,0,0,30,0,656
"3213",2023-10-19,122,102,0,0,35,0,657
"3214",2023-10-20,96,104,0,0,35,0,658
"3215",2023-10-21,83,87,0,2,23,0,659
"3216",2023-10-22,70,35,0,1,6,0,660
"3217",2023-10-23,170,55,0,0,19,0,661
"3218",2023-10-24,101,122,0,0,31,0,662
"3219",2023-10-25,148,83,0,0,19,0,663
"3220",2023-10-26,129,72,0,1,23,0,664
"3221",2023-10-27,102,67,0,0,22,0,665
"3222",2023-10-28,89,60,0,0,16,0,666
"3223",2023-10-29,47,41,0,0,15,0,667
"3224",2023-10-30,73,41,0,0,10,0,668
"3225",2023-10-31,171,106,0,0,27,0,669
"3226",2023-11-01,227,106,0,0,30,0,670
"3227",2023-11-02,102,95,0,0,15,0,671
"3228",2023-11-03,150,110,0,0,20,0,672
"3229",2023-11-04,65,67,0,0,20,0,673
"3230",2023-11-05,40,24,1,0,10,0,674
"3231",2023-11-06,53,46,0,0,12,0,675
"3232",2023-11-07,134,52,0,1,4,0,676
"3233",2023-11-08,227,68,0,0,22,0,677
"3234",2023-11-09,137,92,0,2,19,0,678
"3235",2023-11-10,160,88,0,3,27,0,679
"3236",2023-11-11,101,91,0,0,13,0,680
"3237",2023-11-12,69,38,0,0,6,0,681
"3238",2023-11-13,85,42,0,2,6,0,682
"3239",2023-11-14,112,88,0,1,12,0,683
"3240",2023-11-15,151,81,0,0,15,0,684
"3241",2023-11-16,140,71,0,1,5,0,685
"3242",2023-11-17,73,63,0,0,11,0,686
"3243",2023-11-18,64,56,0,0,11,0,687
"3244",2023-11-19,31,31,0,0,5,0,688
"3245",2023-11-20,66,42,1,0,8,0,689
"3246",2023-11-21,75,104,0,2,9,0,690
"3247",2023-11-22,78,90,0,0,20,0,691
"3248",2023-11-23,85,76,0,0,13,0,692
"3249",2023-11-24,133,77,0,1,14,0,693
"3250",2023-11-25,50,67,0,0,10,0,694
"3251",2023-11-26,59,39,0,0,5,0,695
"3252",2023-11-27,81,54,0,1,6,0,696
"3253",2023-11-28,111,96,0,0,9,0,697
"3254",2023-11-29,172,107,0,0,11,0,698
"3255",2023-11-30,122,108,0,0,7,0,699
"3256",2023-12-01,151,75,0,1,4,0,700
"3257",2023-12-02,105,79,0,0,10,0,701
"3258",2023-12-03,55,38,0,0,4,0,702
"3259",2023-12-04,143,80,1,0,5,0,703
"3260",2023-12-05,115,160,0,1,14,0,704
"3261",2023-12-06,231,181,0,2,12,0,705
"3262",2023-12-07,139,149,0,1,7,0,706
"3263",2023-12-08,215,123,0,3,4,0,707
"3264",2023-12-09,84,131,0,0,3,0,708
"3265",2023-12-10,83,70,0,0,5,0,709
"3266",2023-12-11,38,68,0,0,7,0,710
"3267",2023-12-12,151,133,0,2,10,0,711
"3268",2023-12-13,151,174,0,1,7,0,712
"3269",2023-12-14,142,118,0,0,11,0,713
"3270",2023-12-15,173,135,0,2,7,0,714
"3271",2023-12-16,91,103,0,0,3,0,715
"3272",2023-12-17,20,74,0,2,4,0,716
"3273",2023-12-18,149,55,0,2,4,0,717
"3274",2023-12-19,139,173,0,0,8,0,718
"3275",2023-12-20,133,128,0,0,9,0,719
"3276",2023-12-21,90,88,0,1,6,0,720
"3277",2023-12-22,89,104,0,0,8,0,721
"3278",2023-12-23,71,81,0,0,5,0,722
"3279",2023-12-24,23,36,0,0,6,0,723
"3280",2023-12-25,76,18,0,0,3,0,724
"3281",2023-12-26,65,25,0,3,2,0,725
"3282",2023-12-27,131,53,0,1,4,0,726
"3283",2023-12-28,60,70,0,1,4,0,727
"3284",2023-12-29,69,84,0,0,8,0,728
"3285",2023-12-30,51,55,0,0,9,0,729
"3286",2023-12-31,25,28,0,1,1,0,730
"3287",2024-01-01,67,12,0,1,2,0,731
"3288",2024-01-02,83,42,0,0,0,0,732
"3289",2024-01-03,78,82,0,0,7,0,733
"3290",2024-01-04,64,119,0,0,11,0,734
"3291",2024-01-05,50,66,0,0,5,0,735
"3292",2024-01-06,32,73,1,4,2,0,736
"3293",2024-01-07,36,44,0,0,3,0,737
"3294",2024-01-08,70,54,0,0,4,0,738
"3295",2024-01-09,78,69,1,0,9,0,739
"3296",2024-01-10,81,67,0,1,6,0,740
"3297",2024-01-11,62,58,0,0,7,0,741
"3298",2024-01-12,101,57,0,0,7,0,742
"3299",2024-01-13,51,52,0,0,11,0,743
"3300",2024-01-14,41,23,0,0,2,0,744
"3301",2024-01-15,22,31,0,0,10,0,745
"3302",2024-01-16,47,47,0,1,11,0,746
"3303",2024-01-17,99,38,0,0,16,0,747
"3304",2024-01-18,50,48,0,1,7,0,748
"3305",2024-01-19,62,36,0,0,7,0,749
"3306",2024-01-20,28,36,0,0,10,0,750
"3307",2024-01-21,1,13,0,0,2,0,751
"3308",2024-01-22,13,25,0,0,1,0,752
"3309",2024-01-23,31,53,0,0,8,0,753
"3310",2024-01-24,52,52,0,0,10,0,754
"3311",2024-01-25,80,41,1,0,9,0,755
"3312",2024-01-26,63,27,1,1,9,0,756
"3313",2024-01-27,40,20,1,0,1,0,757
"3314",2024-01-28,45,21,0,0,3,0,758
"3315",2024-01-29,19,23,0,0,8,0,759
"3316",2024-01-30,37,48,0,0,12,0,760
"3317",2024-01-31,58,46,0,0,3,0,761
"3318",2024-02-01,96,47,0,0,10,0,762
"3319",2024-02-02,48,53,0,0,18,0,763
"3320",2024-02-03,13,34,0,0,9,0,764
"3321",2024-02-04,24,15,0,1,4,0,765
"3322",2024-02-05,60,35,0,0,10,0,766
"3323",2024-02-06,48,40,1,1,9,0,767
"3324",2024-02-07,78,46,0,0,11,0,768
"3325",2024-02-08,46,42,1,0,11,0,769
"3326",2024-02-09,37,38,0,0,9,0,770
"3327",2024-02-10,13,33,0,0,10,0,771
"3328",2024-02-11,24,18,0,0,5,0,772
"3329",2024-02-12,39,44,0,3,4,0,773
"3330",2024-02-13,64,47,0,0,17,0,774
"3331",2024-02-14,57,46,0,0,11,0,775
"3332",2024-02-15,52,35,0,0,11,0,776
"3333",2024-02-16,84,33,0,0,13,0,777
"3334",2024-02-17,29,32,0,0,14,0,778
"3335",2024-02-18,29,18,0,0,10,0,779
"3336",2024-02-19,55,30,0,0,8,0,780
"3337",2024-02-20,97,39,0,0,7,0,781
"3338",2024-02-21,66,55,0,1,19,0,782
"3339",2024-02-22,87,36,0,0,5,0,783
"3340",2024-02-23,68,44,0,0,7,0,784
"3341",2024-02-24,69,41,0,0,7,0,785
"3342",2024-02-25,21,12,0,0,6,0,786
"3343",2024-02-26,110,36,0,0,9,0,787
"3344",2024-02-27,46,50,0,0,11,0,788
"3345",2024-02-28,57,54,0,0,10,0,789
"3346",2024-02-29,75,55,0,0,16,0,790
"3347",2024-03-01,54,62,1,0,11,0,791
"3348",2024-03-02,64,42,0,0,8,0,792
"3349",2024-03-03,24,18,0,0,2,0,793
"3350",2024-03-04,49,34,0,0,9,0,794
"3351",2024-03-05,68,49,1,0,12,0,795
"3352",2024-03-06,60,43,0,0,15,0,796
"3353",2024-03-07,97,49,1,1,12,0,797
"3354",2024-03-08,18,52,1,0,13,0,798
"3355",2024-03-09,35,42,1,0,2,0,799
"3356",2024-03-10,15,28,0,0,2,0,800
"3357",2024-03-11,29,23,0,3,3,0,801
"3358",2024-03-12,74,33,2,1,8,0,802
"3359",2024-03-13,49,60,0,1,13,0,803
"3360",2024-03-14,19,48,2,1,14,0,804
"3361",2024-03-15,86,48,0,0,10,0,805
"3362",2024-03-16,95,57,0,0,5,0,806
"3363",2024-03-17,15,22,0,0,6,0,807
"3364",2024-03-18,41,43,0,0,6,0,808
"3365",2024-03-19,49,62,0,0,18,0,809
"3366",2024-03-20,111,66,0,0,4,0,810
"3367",2024-03-21,81,43,1,1,10,0,811
"3368",2024-03-22,55,44,0,0,5,0,812
"3369",2024-03-23,61,36,0,2,5,0,813
"3370",2024-03-24,35,20,1,0,2,0,814
"3371",2024-03-25,46,27,0,0,1,0,815
"3372",2024-03-26,50,43,0,0,6,0,816
"3373",2024-03-27,110,65,1,0,12,0,817
"3374",2024-03-28,64,55,0,0,2,0,818
"3375",2024-03-29,62,25,1,0,1,0,819
"3376",2024-03-30,9,30,0,0,4,0,820
"3377",2024-03-31,38,15,1,0,1,0,821
"3378",2024-04-01,52,26,1,0,3,0,822
"3379",2024-04-02,62,46,1,0,4,0,823
"3380",2024-04-03,57,56,0,1,9,0,824
"3381",2024-04-04,25,62,0,0,8,0,825
"3382",2024-04-05,71,55,0,0,5,0,826
"3383",2024-04-06,80,55,0,0,6,0,827
"3384",2024-04-07,15,17,0,0,2,0,828
"3385",2024-04-08,69,58,4,0,6,0,829
"3386",2024-04-09,86,53,1,0,5,0,830
"3387",2024-04-10,62,52,0,0,10,0,831
"3388",2024-04-11,54,55,1,0,6,0,832
"3389",2024-04-12,55,50,1,1,8,0,833
"3390",2024-04-13,51,57,0,0,7,0,834
"3391",2024-04-14,18,25,0,0,5,0,835
"3392",2024-04-15,41,31,0,0,0,0,836
"3393",2024-04-16,45,49,1,0,5,0,837
"3394",2024-04-17,71,72,0,0,7,0,838
"3395",2024-04-18,130,46,0,0,6,0,839
"3396",2024-04-19,123,58,0,0,3,0,840
"3397",2024-04-20,72,66,0,0,2,0,841
"3398",2024-04-21,28,44,0,0,0,0,842
"3399",2024-04-22,30,42,0,0,2,0,843
"3400",2024-04-23,51,78,3,0,4,0,844
"3401",2024-04-24,79,84,0,0,4,0,845
"3402",2024-04-25,44,47,0,0,2,0,846
"3403",2024-04-26,59,54,0,0,1,0,847
"3404",2024-04-27,90,75,0,0,7,0,848
"3405",2024-04-28,52,52,1,0,5,0,849
"3406",2024-04-29,85,36,0,0,3,0,850
"3407",2024-04-30,83,96,1,0,6,0,851
"3408",2024-05-01,132,97,1,0,2,0,852
"3409",2024-05-02,91,118,1,0,10,0,853
"3410",2024-05-03,146,87,1,1,9,0,854
"3411",2024-05-04,63,92,2,0,5,0,855
"3412",2024-05-05,107,80,1,0,3,0,856
"3413",2024-05-06,93,59,0,0,5,0,857
"3414",2024-05-07,153,128,0,0,5,0,858
"3415",2024-05-08,102,144,2,0,8,0,859
"3416",2024-05-09,85,139,0,0,7,0,860
"3417",2024-05-10,92,175,0,0,14,0,861
"3418",2024-05-11,117,121,3,0,5,0,862
"3419",2024-05-12,34,74,1,1,5,0,863
"3420",2024-05-13,59,102,0,0,4,0,864
"3421",2024-05-14,144,180,2,1,14,0,865
"3422",2024-05-15,234,198,3,0,5,0,866
"3423",2024-05-16,217,162,1,0,11,0,867
"3424",2024-05-17,147,203,1,0,7,0,868
"3425",2024-05-18,221,139,0,0,8,0,869
"3426",2024-05-19,73,124,1,1,6,0,870
"3427",2024-05-20,187,89,1,1,4,0,871
"3428",2024-05-21,155,263,0,0,13,0,872
"3429",2024-05-22,291,189,0,0,11,0,873
"3430",2024-05-23,341,247,0,2,17,0,874
"3431",2024-05-24,333,291,2,0,12,0,875
"3432",2024-05-25,113,234,0,0,13,0,876
"3433",2024-05-26,76,110,0,1,5,0,877
"3434",2024-05-27,169,132,0,1,1,0,878
"3435",2024-05-28,309,334,1,0,11,0,879
"3436",2024-05-29,285,300,0,0,12,0,880
"3437",2024-05-30,289,356,1,0,12,0,881
"3438",2024-05-31,313,332,4,0,9,0,882
"3439",2024-06-01,192,296,1,0,7,0,883
"3440",2024-06-02,155,107,0,1,4,0,884
"3441",2024-06-03,260,193,0,1,11,0,885
"3442",2024-06-04,388,323,1,0,7,0,886
"3443",2024-06-05,418,460,0,1,22,0,887
"3444",2024-06-06,494,384,0,0,11,0,888
"3445",2024-06-07,406,328,1,2,10,0,889
"3446",2024-06-08,243,290,0,0,6,0,890
"3447",2024-06-09,182,151,1,0,4,0,891
"3448",2024-06-10,262,196,1,0,8,0,892
"3449",2024-06-11,390,296,1,1,12,0,893
"3450",2024-06-12,445,379,3,1,10,0,894
"3451",2024-06-13,563,461,0,2,12,0,895
"3452",2024-06-14,501,408,0,1,11,0,896
"3453",2024-06-15,307,271,1,0,6,0,897
"3454",2024-06-16,113,202,2,0,6,0,898
"3455",2024-06-17,313,216,0,2,7,0,899
"3456",2024-06-18,554,426,1,1,12,0,900
"3457",2024-06-19,602,482,3,0,10,0,901
"3458",2024-06-20,506,418,0,1,9,0,902
"3459",2024-06-21,508,495,0,0,12,0,903
"3460",2024-06-22,351,407,2,1,13,0,904
"3461",2024-06-23,222,244,1,1,4,0,905
"3462",2024-06-24,395,251,1,3,3,0,906
"3463",2024-06-25,590,762,0,1,15,0,907
"3464",2024-06-26,634,713,0,6,8,0,908
"3465",2024-06-27,809,735,0,4,12,0,909
"3466",2024-06-28,596,617,2,2,8,0,910
"3467",2024-06-29,467,599,2,5,12,0,911
"3468",2024-06-30,221,230,0,3,6,0,912
"3469",2024-07-01,509,395,2,5,10,0,913
"3470",2024-07-02,707,584,1,5,7,0,914
"3471",2024-07-03,908,811,0,1,13,0,915
"3472",2024-07-04,798,720,2,3,7,0,916
"3473",2024-07-05,786,683,2,5,10,0,917
"3474",2024-07-06,465,579,1,1,7,0,918
"3475",2024-07-07,156,287,4,0,5,0,919
"3476",2024-07-08,391,401,3,5,5,0,920
"3477",2024-07-09,658,656,0,3,7,0,921
"3478",2024-07-10,863,848,0,5,5,0,922
"3479",2024-07-11,690,783,4,3,3,0,923
"3480",2024-07-12,678,598,3,6,3,0,924
"3481",2024-07-13,466,537,1,2,6,0,925
"3482",2024-07-14,286,224,1,3,0,0,926
"3483",2024-07-15,388,366,2,4,4,0,927
"3484",2024-07-16,750,665,2,0,8,0,928
"3485",2024-07-17,754,668,1,4,5,0,929
"3486",2024-07-18,648,606,5,4,6,0,930
"3487",2024-07-19,600,423,1,4,4,0,931
"3488",2024-07-20,350,544,1,1,6,0,932
"3489",2024-07-21,256,297,1,1,5,0,933
"3490",2024-07-22,455,215,2,0,7,0,934
"3491",2024-07-23,795,654,1,5,14,0,935
"3492",2024-07-24,644,733,2,5,11,0,936
"3493",2024-07-25,604,609,2,5,6,0,937
"3494",2024-07-26,527,561,2,2,12,0,938
"3495",2024-07-27,449,370,0,1,7,0,939
"3496",2024-07-28,221,216,0,3,4,0,940
"3497",2024-07-29,470,298,0,0,3,0,941
"3498",2024-07-30,682,657,5,6,6,0,942
"3499",2024-07-31,663,633,0,0,9,0,943
"3500",2024-08-01,700,439,0,1,7,0,944
"3501",2024-08-02,507,706,1,4,6,0,945
"3502",2024-08-03,439,516,1,1,8,0,946
"3503",2024-08-04,180,218,1,2,5,0,947
"3504",2024-08-05,432,277,2,5,2,0,948
"3505",2024-08-06,685,783,1,3,11,0,949
"3506",2024-08-07,708,648,0,3,14,0,950
"3507",2024-08-08,536,672,0,1,11,0,951
"3508",2024-08-09,721,681,3,2,11,0,952
"3509",2024-08-10,386,549,1,4,8,0,953
"3510",2024-08-11,155,280,1,1,4,0,954
"3511",2024-08-12,537,254,3,3,4,0,955
"3512",2024-08-13,517,694,1,2,13,0,956
"3513",2024-08-14,700,680,1,2,18,0,957
"3514",2024-08-15,604,578,0,3,19,0,958
"3515",2024-08-16,462,495,0,2,15,0,959
"3516",2024-08-17,319,362,1,0,10,0,960
"3517",2024-08-18,144,258,1,1,7,0,961
"3518",2024-08-19,271,211,1,2,8,0,962
"3519",2024-08-20,452,508,0,2,15,0,963
"3520",2024-08-21,389,418,2,2,23,0,964
"3521",2024-08-22,448,392,1,3,9,0,965
"3522",2024-08-23,367,321,0,2,14,0,966
"3523",2024-08-24,327,302,0,1,6,0,967
"3524",2024-08-25,180,143,1,0,0,0,968
"3525",2024-08-26,217,162,0,2,7,0,969
"3526",2024-08-27,450,391,2,1,18,0,970
"3527",2024-08-28,417,335,1,3,15,0,971
"3528",2024-08-29,287,275,0,1,18,0,972
"3529",2024-08-30,350,253,3,2,16,0,973
"3530",2024-08-31,142,222,0,0,9,0,974
"3531",2024-09-01,146,75,0,1,4,0,975
"3532",2024-09-02,147,113,1,1,9,0,976
"3533",2024-09-03,263,223,0,1,30,0,977
"3534",2024-09-04,184,227,0,0,19,0,978
"3535",2024-09-05,168,191,0,1,18,0,979
"3536",2024-09-06,256,173,0,2,19,0,980
"3537",2024-09-07,178,142,0,0,13,0,981
"3538",2024-09-08,70,75,0,3,15,0,982
"3539",2024-09-09,94,87,1,1,16,0,983
"3540",2024-09-10,184,163,0,0,21,0,984
